{
  "optimal_threshold": 0.477344,
  "tta_accuracy": 0.925917,
  "tta_auc": 0.979798,
  "brier_score": 0.056649,
  "classes": [
    "fake",
    "real"
  ],
  "img_size": 224,
  "mean": [0.485, 0.456, 0.406],
  "std": [0.229, 0.224, 0.225]
}